VP,residue,AA,1AYM_Position_Annotated,1AYM_Position
2,8,G,G76G,76.0
2,9,Y,Y77Y,77.0
2,10,S,S78S,78.0
2,13,V,V81I,81.0
2,14,Q,Q82I,82.0
2,15,Q,Q83Q,83.0
2,16,I,I84I,84.0
2,17,T,T85T,85.0
2,18,L,L86R,86.0
2,19,G,G87G,87.0
2,20,N,N88D,88.0
2,21,S,S89S,89.0
2,22,T,T90T,90.0
2,23,I,I91I,91.0
2,24,T,T92T,92.0
2,25,T,T93S,93.0
2,26,Q,Q94Q,94.0
2,38,W,W106W,106.0
2,52,K,K120K,120.0
2,54,S,S122T,122.0
2,56,P,P124P,124.0
2,57,D,D125D,125.0
2,58,T,T126T,126.0
2,59,S,S127S,127.0
2,62,R,R130R,130.0
2,63,F,F131F,131.0
2,64,Y,Y132Y,132.0
2,65,T,T133T,133.0
2,66,L,L134L,134.0
2,67,D,D135D,135.0
2,68,S,S136S,136.0
2,70,T,T138M,138.0
2,88,D,D156D,156.0
2,89,M,M157M,157.0
2,90,G,G158G,158.0
2,91,V,V159I,159.0
2,94,Q,Q162E,162.0
2,98,F,F166Y,166.0
2,99,H,H167H,167.0
2,111,Q,Q179Q,179.0
2,113,N,N181N,181.0
2,114,A,A182A,182.0
2,115,T,T183S,183.0
2,116,K,K184K,184.0
2,117,F,F185F,185.0
2,195,N,N264N,264.0
2,196,T,T265S,265.0
2,200,V,V269I,269.0
2,231,P,P299S,299.0
2,238,L,L306V,306.0
2,239,P,P307P,307.0
2,241,T,T309T,309.0
2,243,T,T311S,311.0
2,255,I,R323R,323.0
3,77,N,Q407L,407
3,122,L,L453N,453
3,124,S,S455T,455
3,125,A,A456L,456
3,126,K,K457K,457
3,142,R,R473R,473
3,143,R,R474K,474
3,146,M,M477M,477
3,147,L,L478L,478
3,148,G,G479G,479
3,149,T,T480T,480
3,150,H,H481H,481
3,151,V,V482V,482
3,152,V,V483V,483
3,153,W,W484W,484
3,154,D,D485D,485
3,156,G,G487G,487
3,157,L,L488L,488
3,158,Q,Q489Q,489
3,193,Q,T524T,524
3,194,T,S525N,525
3,195,S,L526F,526
3,197,I,L528V,528
3,200,E,E531N,531
1,25,P,P592P,592
1,26,K,K593T,593
1,27,H,H594T,594
1,28,T,T595S,595
1,29,Q,Q596N,596
1,30,K,K597A,597
1,31,V,V598A,598
1,32,P,P599P,599
1,33,I,I600V,600
1,34,L,L601L,601
1,49,D,D616D,616
1,50,S,S617T,617
1,51,I,I618I,618
1,52,E,E619E,619
4,57,K,K57K,57
4,58,D,D58D,58
4,64,A,A64I,64
4,65,P,P65P,65
