VP,residue,REF,site,article,1AYM_Position_Annotated,1AYM_Position
2,158,HRV-B14,NIm-II,2416951,S226T,226.0
2,159,HRV-B14,NIm-II,2416951,A227Q,227.0
2,161,HRV-B14,NIm-II,2416951,E229E,229.0
2,162,HRV-B14,NIm-II,2416951,V230N,230.0
3,72,HRV-B14,NIm-III,2416951,N402S,402.0
3,75,HRV-B14,NIm-III,2416951,R405T,405.0
3,78,HRV-B14,NIm-III,2416951,N408A,408.0
1,95,HRV-B14,NIm-IA,2416951,E656N,656
1,85,HRV-B14,NIm-IB,2416951,K652V,652
1,83,HRV-B14,NIm-IB,2416951,Q650D,650
1,138,HRV-B14,NIm-IB,2416951,D699D,699
1,85,HRV-A2,Vp1,1693662,F638L,638
1,86,HRV-A2,Vp1,1693662,S639G,639
1,92,HRV-A2,Vp1,1693662,G645H,645
1,264,HRV-A2,Vp1,1693662,R816R,816
1,267,HRV-A2,Vp1,1693662,R819R,819
1,268,HRV-A2,Vp1,1693662,S820A,820
1,269,HRV-A2,Vp1,1693662,E821V,821
1,276,HRV-A2,Vp1,1693662,F828T,828
1,278,HRV-A2,Vp1,1693662,N830N,830
2,236,HRV-A2,Vp2,1693662,T309T,309
2,238,HRV-A2,Vp2,1693662,T311S,311
3,59,HRV-A2,Vp2,1693662,T388Q,388
