4GB3_Position,mut_virus_AVR_MFE_log2,MAX_mut_virus_AVR_MFE_log2
1,-7.146921367,-5.131862893
2,-5.191578957,-4.520731863
3,-4.094455249,-0.988345285
4,-3.922157442,-2.040018386
5,-3.163014149,-0.381317583
6,-4.214216602,-1.073689409
7,-2.629631354,0.05196129
8,-3.859603083,-2.773141505
9,-2.944900628,-1.223192116
10,-3.377359626,-1.210798847
11,-4.305965442,-1.851454215
12,-3.15464066,-1.271294024
13,-3.164675152,-0.70574719
14,-4.293657356,-2.379106156
15,-3.027657018,-0.437478622
16,-1.65750688,2.169026388
17,-1.609084714,0.207060924
18,-2.489790691,0.424057449
19,-2.02064921,-0.577461808
20,-1.836488327,0.548255809
21,-1.685081911,1.208134501
22,-1.15537194,0.858110738
23,-2.562902397,-0.95239093
24,-1.603997714,0.671291999
25,-1.646498147,-0.328590741
26,-2.977689954,-0.488266616
27,-4.105759147,-1.246172473
28,-2.645434593,-0.753713528
29,-3.599951189,-0.508187821
30,-5.039357386,-2.253075297
31,-3.271530489,-0.851233369
32,-5.203689806,-2.061919693
33,-5.303965189,-3.046606099
34,-5.439351466,-2.832627295
35,-5.832405234,-4.066089358
36,-4.341892119,-2.245397074
37,-4.820799786,-1.395317321
38,-5.436742772,-3.620567685
39,-3.5386273,-1.297257102
40,-4.005633633,-0.38033379
41,-5.311974471,-2.158761298
42,-4.135471843,-2.480787091
43,-5.495851889,-4.091361744
44,-2.803340245,-0.513762946
45,-2.962449825,-0.746213036
46,-2.776626272,-0.948771377
47,-2.061606875,-0.186622667
48,-2.368152342,0.571822502
49,-3.321518889,-1.159326213
50,-3.229497555,-1.707988781
51,-2.330367977,-0.839653674
52,-2.447124389,-0.861557772
53,-5.220768084,-3.38857405
54,-3.589496193,-1.952169008
55,-2.826376868,-1.409416119
56,-3.175362454,-1.692788388
57,-2.894991698,-0.613011764
58,-2.460862279,-0.365897926
59,-4.54677805,-2.925570954
60,-4.22626958,-2.282787302
61,-3.794877525,-1.88430792
62,-2.464469049,-0.639102393
63,-4.479495095,-3.382770349
64,-4.74331158,-1.291805998
65,-2.331225985,-0.179708422
66,-4.037238129,-2.944051706
67,-3.737309585,-1.806214443
68,-4.814173908,-2.051857076
69,-4.180232115,-1.56491967
70,-5.262081916,-3.58280176
71,-5.208270451,-4.362714521
72,-4.298890393,-1.627035673
73,-3.994902688,-3.099687588
74,-2.832239593,-1.596292057
75,-4.359890991,-2.629815957
76,-4.072798395,-1.861807751
77,-3.632840055,-1.293856457
78,-4.379567487,-1.010686062
79,-3.15427693,-1.774666948
80,-4.434942945,-1.616581295
81,-4.293840003,-2.99327978
82,-4.789787458,-3.697809866
83,-4.879009578,-3.093219082
84,-4.046949007,-1.046948498
85,-5.043202856,-3.451211588
86,-5.481586094,-2.639423114
87,-4.363819916,-1.454832084
88,-5.351807185,-3.714329802
89,-4.743230897,-3.452506311
90,-4.879565649,-2.455707962
91,-4.318229728,-0.254802734
92,-4.782923563,-2.645809541
93,-5.485275643,-4.475427595
94,-4.681932881,-1.097428667
95,-5.695369593,-4.685586641
96,-3.889633913,-1.66613564
97,-4.591598727,-2.606963997
98,-4.08749233,-1.825098065
99,-4.248656946,-2.548332654
100,-4.342716083,-1.786469213
101,-3.902385535,-1.233919478
102,-4.714004302,-2.791749004
103,-4.584656666,-2.899580553
104,-5.19250689,-3.630804267
105,-4.614003817,-1.864789974
106,-2.454656064,-0.582946482
107,-5.083524311,-4.214219702
108,-4.585768016,-3.45567586
109,-2.363931864,-0.364634498
110,-3.576283767,-1.879850227
111,-5.121993196,-2.218757809
112,-1.509142188,0.518100636
113,-4.184491397,-1.490109763
114,-1.705387122,-0.146940645
115,-5.106426658,-3.331304105
116,-5.298218649,-4.110618868
117,-4.833791776,-1.324058171
118,-5.230381983,-2.105018624
119,-3.969040038,-1.801418576
120,-5.56452063,-4.104044192
121,-3.580710935,-0.90728415
122,-4.963779715,-1.43455355
123,-4.325172142,-1.454126231
124,-3.342652875,-0.423957006
125,-5.307909945,-3.196192765
126,-3.465921477,-1.960000325
127,-5.715355368,-4.570607477
128,-5.222667255,-2.433533636
129,-4.5907661,-2.06267233
130,-4.852932386,-1.96205687
131,-5.713560959,-4.309877518
132,-5.019412552,-4.142536627
133,-4.843035893,-2.181532718
134,-5.202366187,-3.843033158
135,-4.778129899,-3.812480709
136,-4.83965516,-3.991255357
137,-4.786285515,-3.87097726
138,-3.984679365,-1.622739011
139,-1.834815561,0.202405963
140,-4.635923658,-3.725452717
141,-3.351043942,0.060773467
142,-4.612512862,-2.908932849
143,-2.173520422,0.267095206
144,-4.059362056,-2.392161493
145,-2.047015763,0.425932219
146,-4.384638753,-3.17570767
147,-3.848467936,-2.792158173
148,-4.497024481,-3.525829153
149,-4.602615269,-3.849232176
150,-4.673449867,-2.71271489
151,-4.634304783,-2.516010797
152,-4.82206784,-3.608429796
153,-4.242250197,-3.346698664
154,-4.130517016,-2.144291706
155,-4.387986314,-2.645646753
156,-2.706210608,0.033998269
157,-2.689116227,-0.805463439
158,-4.157746438,-0.311422662
159,-4.917622255,-3.365048783
160,-4.993205645,-3.876675998
161,-4.724442118,-2.877390154
162,-4.2595355,-1.351750144
163,-4.869478441,-2.925638538
164,-4.066806159,-2.355280691
165,-4.220653813,-2.416760498
166,-2.603592583,-0.152302913
167,-4.605920582,-2.448176522
168,-4.592643522,-3.696036778
169,-5.207860059,-3.630023133
170,-5.188180012,-3.293176486
171,-3.561283473,-1.69902909
172,-4.744786817,-3.834308424
173,-3.845405265,-1.809111253
174,-4.234456497,-2.246108424
175,-4.285805635,-3.089788235
176,-4.65878549,-3.156779329
177,-3.516891011,0.500822512
178,-4.744423084,-3.142782953
179,-4.520272968,-3.367101842
180,-4.493866032,-3.527477149
181,-3.855164085,0.188075957
182,-4.927792237,-3.42498868
183,-4.208898597,-2.899797802
184,-4.900491728,-3.669490541
185,-3.823146342,-0.103107027
186,-4.570245388,-2.951525873
187,-4.35296666,-3.591044044
188,-4.427330983,-3.407603148
189,-4.603873019,-3.135147735
190,-3.912140891,-1.288402639
191,-4.420236135,-1.818382606
192,-4.821214237,-3.157441723
193,-4.26141003,-2.920263262
194,-3.833282977,-1.10043576
195,-2.801306817,-0.477391519
196,-4.105003796,-0.185057373
197,-4.087315455,-2.257456671
198,-4.901021805,-3.77627311
199,-4.107049851,-2.692809637
200,-4.524888113,-3.824846822
201,-3.848852172,-1.333230684
202,-4.525789941,-3.298345594
203,-4.428679707,-2.999702165
204,-4.093019883,-2.86797809
205,-3.321161353,-1.121864399
206,-1.519392727,0.916288866
207,-2.182694906,-0.023374002
208,-2.158121097,-1.120974635
209,-2.251071606,-0.708508846
210,-3.64240676,-2.23330638
211,-0.241436675,3.152756467
212,-1.568160371,0.314298648
213,-1.176919807,0.576536258
214,-4.193802405,-2.773981911
215,-4.140835689,-0.70640381
216,-3.151946361,-1.724300162
217,-3.247990872,-1.060310353
218,-2.618928814,-1.402922707
219,-3.725033252,-1.52947202
220,-1.349333064,0.939839604
221,-2.722045231,-0.311899878
222,-2.555070597,0.874810925
223,-3.261222444,-2.569186501
224,-4.144337971,-3.226118933
225,-1.993420802,0.73742458
226,-4.693142304,-3.524996961
227,-0.761430072,1.960956346
228,-3.375306542,-1.656278935
229,-3.39846494,-0.947501868
230,-2.266853769,-0.298531013
231,-1.472818168,0.727986044
232,-2.707720043,0.139891565
233,-1.830938246,1.344688156
234,-2.975963865,-0.022551639
235,0.454662709,2.344442372
236,-1.95854888,0.170108435
237,-3.419413141,1.008000386
238,-4.743737037,-2.753097381
239,-3.626108202,-0.484558298
240,-3.966298111,-1.340226277
241,-3.322410671,-0.496447889
242,-2.946928824,-0.350716201
243,-4.715195544,-1.738788713
244,-4.503828801,-2.219137227
245,-4.473922897,-1.778861856
246,-4.343178607,-2.978145445
247,-4.753054549,-2.836246838
248,-3.914216706,-1.687577607
249,-3.870518332,-1.282510027
250,-3.42469416,-0.324351287
251,-4.587860249,-3.695039226
252,-3.863186861,-2.340114222
253,-4.349136148,-2.759682171
254,-3.280585146,-1.527546779
255,-3.346255413,0.165817697
256,-4.259628531,-3.256117182
257,-4.77487113,-3.855120024
258,-4.39535243,-3.249286143
259,-5.366805735,-3.641916096
260,-4.501130933,-2.46332186
261,-4.835552059,-2.787542002
262,-4.591654292,-3.844876477
263,-4.622779934,-3.867033333
264,-4.819380849,-3.555659746
265,-4.381861041,-2.337694551
266,-4.934554216,-3.655793017
267,-4.62173802,-3.091378344
268,-4.555250158,-1.123445474
269,-4.324993964,-1.861385976
270,-4.665050138,-2.726879965
271,-4.427870042,-2.401082656
272,-4.083369662,-2.498769088
273,-4.004033977,-2.779047097
274,-4.135050413,-2.510785689
275,-4.725793684,-2.305192464
276,-3.29051944,-1.449246946
277,-4.299337227,-3.068746973
278,-3.368433144,-0.208072314
279,-3.482505391,-1.539665004
280,-4.747853888,-3.2678568
281,-4.443286094,-2.932808056
282,-4.56430324,-3.530561115
283,-3.37350149,-1.564950003
284,-3.450681109,-0.740368232
285,-2.49033737,-0.653686771
286,-4.959333639,-4.062070182
287,-4.195914846,-3.178615004
288,-3.168079229,0.007096635
289,-2.577772483,-0.770647362
290,-3.333061879,-1.363909949
291,-4.325862829,-1.219980807
292,-4.257893661,-2.100724878
293,-4.284411188,-2.806290618
294,-4.059195397,-0.681285008
295,-3.96818484,-1.055232178
296,-4.420805859,-2.619202433
297,-4.715850514,-3.8584687
298,-3.960076471,0.372066592
299,-2.954983711,-0.91611612
300,-4.86913336,-2.841677105
301,-4.45703064,-2.351321783
302,-4.833460042,-2.063904241
303,-3.471440876,-0.954813519
304,-3.090310273,-0.517455707
305,-4.325079627,-2.49445601
306,-4.566884903,-2.567212893
307,-4.771018935,-1.086310615
308,-4.545770914,-1.461283371
309,-3.721704619,-2.107123751
310,-4.739114491,-3.579410332
311,-4.987480633,-3.739563557
312,-3.933196372,-1.26264597
313,-5.525430905,-3.948969049
314,-4.358173917,-1.059834532
315,-4.646557417,-1.476306752
316,-4.336864249,-0.831742449
317,-5.405121047,-3.277682101
318,-4.563382497,-2.562229376
319,-4.683047217,-3.404735705
320,-2.324834993,-0.577361528
321,-3.960619087,-0.161112637
322,-4.904445553,-3.197047618
323,-4.365798606,-2.951771465
324,-4.029050833,-1.424619803
325,-5.708023018,-5.018660077
326,-5.0082657,-3.689666877
327,-5.069728564,-4.091722529
328,-4.289288516,-2.546619078
329,-4.764532204,-3.196266671
330,-1.834106281,0.496006087
331,-1.911597758,0.546148235
332,-4.792711911,-3.572769285
333,-4.789816764,-3.79045945
334,-5.346092964,-2.579301114
335,-5.55467888,-4.039829332
336,-4.469677233,0.196621822
337,-5.417430251,-2.273811123
338,-3.124971139,0.367422435
339,-5.142578459,-1.258548329
340,-4.668039132,-3.497372355
341,-5.077721387,-3.839970969
342,-4.70663885,-3.51539195
343,-4.111475867,-2.176237352
344,-5.071656356,-2.794476054
345,-5.12987921,-3.975197843
346,-5.289151395,-4.055862667
347,-5.129060813,-3.582443492
348,-4.359947773,-3.066778347
349,-4.855740828,-3.427979781
350,-4.827494433,-3.240082486
351,-5.412256245,-3.737259872
352,-5.547694228,-4.073010556
353,-5.10808958,-4.080580199
354,-5.203821969,-4.12322146
355,-4.314393056,-1.505029739
356,-4.629592483,-2.100218644
357,-4.796759105,-3.026464399
358,-5.059776225,-3.753035403
359,-5.133404591,-3.53745079
360,-5.012062057,-3.960610306
361,-5.350145907,-4.08787114
362,-3.91024316,-1.416843255
363,-4.72021885,-3.568730584
364,-4.869943532,-3.20743754
365,-3.118814154,-1.787386228
366,-3.420565195,-1.662371019
367,-1.131512755,-0.009301073
368,-4.172104526,-2.80689072
369,-4.73321191,-2.460965944
370,-4.546294463,-3.802977487
371,-3.309141343,-2.497746863
372,-3.434246334,-0.98897649
373,-1.819107406,0.5379364
374,-4.6434203,-3.385944829
375,-4.276555963,-2.466085235
376,-4.434726083,-2.085467425
377,-3.788345172,-1.99789923
378,-4.135220056,-1.809093904
379,-3.848313287,-1.100736368
380,-5.078780053,-3.914393117
381,-4.366915731,-1.766220721
382,-4.640396512,-3.616977241
383,-4.27921354,-2.614798651
384,-3.946767009,-2.0829619
385,-3.734664679,-2.381095351
386,-4.167073882,-2.34016169
387,-3.732265052,-1.805325597
388,-2.699795495,-0.618013925
389,-4.667291951,-3.87604415
390,-3.174186526,-0.602894053
391,-0.684926613,1.956558409
392,-3.360714292,-1.328736188
393,-2.491575859,-0.273701721
394,-3.370437679,-0.058414662
395,-0.534631725,3.616905784
396,-3.844898786,-1.365623924
397,-4.938536558,-3.927027094
398,-5.082424759,-3.43813557
399,-3.596071726,-0.82299618
400,-4.878340737,-3.139974543
401,-2.136110746,0.451392828
402,-3.838891616,-1.521564006
403,-3.385072445,-2.238395312
404,-4.00713077,-1.87602832
405,-3.879672154,-2.030914986
406,-4.231310823,-1.555831748
407,-3.475783865,-1.774180772
408,-1.595581911,0.433426123
409,-3.690627375,-0.241287381
410,-2.341340427,-0.585883565
411,-3.505652949,-1.699736819
412,-3.676512413,-1.559473197
413,-2.358724292,-0.515462546
414,-3.762870617,-2.053232169
415,-4.672038194,-2.771832174
416,-3.968197052,-2.015343129
417,-4.583335596,-3.224835931
418,-3.277043185,-1.750724411
419,-4.313313891,-2.898159218
420,-3.128928637,-1.77964825
421,-4.593238363,-1.940604552
422,-5.103006653,-3.733810444
423,-2.152751161,-0.192354555
424,-3.711941231,-1.768472046
425,-2.572779376,-0.161939545
426,-3.946243836,-2.066528126
427,-4.363588477,-2.426010118
428,-2.836626939,-0.282474587
429,-4.227356371,-1.866457658
430,-4.49399469,-3.158379426
431,-4.190061086,-2.786130505
432,-4.387502181,-1.963648258
433,-4.604514675,-3.038572425
434,-4.643299427,-3.252506639
435,-3.881032355,-1.725925061
436,-4.466451005,-2.113104844
437,-3.952168025,-1.925981617
438,-5.099538034,-3.986291223
439,-4.270319303,-2.740704697
440,-4.168387804,-2.005192406
441,-4.563617056,-3.535787816
442,-4.788215519,-3.502406761
443,-4.881345775,-3.629087364
444,-4.366288049,-3.498015573
445,-4.53492523,-3.503215745
446,-4.322856473,-1.108051822
447,-4.646406116,-3.306001888
448,-4.190297574,-2.012490948
449,-4.662352664,-3.558684795
450,-4.489792302,-2.977812904
451,-4.804282358,-2.903039231
452,-4.362329467,-2.118784014
453,-4.464860363,-1.060550392
454,-4.620922607,-3.099801065
455,-4.298616494,-1.182261199
456,-3.327966915,-1.232894901
457,-4.790671748,-2.994640566
458,-3.790026188,-0.160248601
459,-4.832256274,-1.173936554
460,-4.633542434,-3.481245863
461,-5.16162346,-4.043078148
462,-4.484350149,-2.432188354
463,-4.519274666,-2.278671895
464,-4.669560584,-2.783076817
465,-4.568775668,-2.245723031
466,-4.232674327,-2.555259871
467,-4.276586577,-2.619360536
468,-4.482931844,-2.856723438
469,-4.389435059,-2.59522628
470,-4.621605796,-3.790337852
471,-4.736282384,-3.563855005
472,-4.598394551,-3.539821496
473,-1.931868706,0.209098255
474,-5.152318101,-4.232626045
475,-1.494556601,-0.238202902
476,-1.777131094,0.163510962
477,-5.040503094,-3.858200202
478,-2.818870946,-0.38484572
479,-4.454277112,-3.244635662
480,-4.301261784,-1.965233177
481,-4.966871477,-4.07411503
482,-4.686482128,-3.281524662
483,-4.612609769,-2.502200491
484,-4.603167704,-1.933232118
485,-4.920623397,-3.862006998
486,-4.179843386,-0.851033854
487,-4.468152355,-1.984281948
488,-4.384963542,-2.072078741
489,-4.752101845,-3.605732636
490,-4.358437809,-1.408050691
491,-4.890638083,-4.006337666
492,-3.566124484,-1.979508636
493,-3.44982225,-1.974369508
494,-5.461038642,-4.180671152
495,-4.81368781,-2.730965437
496,-4.356587386,-0.276876087
497,-4.185701216,-1.812216122
498,-4.443499046,-3.18714947
499,-3.645674749,-0.210772492
500,-3.951051616,-0.269666007
501,-4.756252272,-3.241088074
502,-5.301551453,-4.51368459
503,-4.619889151,-2.829242661
504,-4.669108831,-3.63717171
505,-3.712010129,-0.999600212
506,-4.562586867,-3.243920895
507,-5.093885774,-3.69902419
508,-4.879268299,-3.446803496
509,-4.96284975,-4.146765076
510,-3.844572196,0.010348811
511,-4.399398812,-0.829870908
512,-1.956305412,-0.579815791
513,-1.447139663,0.21915397
514,-4.096255744,-2.481594863
515,-2.738491954,-1.167073774
516,-4.669050789,-3.661602491
517,-4.365070314,-1.522452896
518,-2.724422672,0.094120383
519,-4.84527955,-2.296694876
520,-4.760030179,-3.442045015
521,-3.458900181,-1.248467425
522,-4.364349858,-3.217428997
523,-4.295705387,-2.172209961
524,-4.064370772,-1.435549471
525,-4.381800332,-0.980216454
526,-4.072407027,-3.162926151
527,-4.93913723,-3.903840808
528,-4.835194496,-3.693563241
529,-3.768147632,-1.602745618
530,-3.952177284,-1.365592444
531,-4.259834366,-0.694015668
532,-3.819143157,-0.775202205
533,-4.874115543,-4.015078207
534,-3.682001612,0.44423729
535,-3.069999346,-0.835411288
536,-3.95073812,0.108532938
537,-2.149580925,1.37052396
538,-2.525143027,0.274661046
539,-2.986463539,-0.163756772
540,-3.512191041,-0.978651211
541,-2.038793339,-0.299449684
542,-3.956301891,-1.138311464
543,-4.338512746,-1.556030346
544,-3.016427069,-1.193955617
545,-4.010422829,-1.960746902
546,-3.556154951,-1.667988602
547,-4.181305269,-3.015531893
548,-3.923002263,-2.524381927
549,-4.384292163,-2.921170621
550,-4.292300315,-3.146318394
551,-4.828067287,-3.033235226
552,-4.551575946,-2.597172021
553,-4.638352303,-3.20984316
554,-3.728860244,-2.25180112
555,-4.551663184,-3.096104329
556,-4.025300837,-2.437542462
557,-4.930411852,-3.560440913
558,-4.445037934,-2.835563061
559,-4.67545451,-3.570198497
560,-4.553618187,-1.90836956
561,-2.851567183,-1.466828557
562,-3.09590589,-1.08728166
563,-3.424782187,-0.943666613
564,-1.312058038,0.564016346
565,-5.007819223,-4.139639191
566,-0.423150639,1.678289368
567,-2.176010685,-0.456005456
568,-4.632221986,-2.028203136
569,-4.226053952,-1.286676575
570,-5.132304134,-3.698489145
571,-4.254610277,-3.230835638
572,-1.407827219,1.004517894
573,-0.894921853,0.125174441
574,-3.441789709,-0.124732865
575,-1.065302156,0.8624655
576,-1.337867871,0.456479994
577,-0.944877464,0.135172419
578,-2.002343335,1.118234939
579,-1.169774913,0.549184229
580,-1.604802444,0.518987883
581,-0.777321732,0.37753935
582,-2.823030058,-0.329932548
583,-1.17499852,0.189104694
584,-4.611649239,-1.361854341
585,-2.489218113,-0.744563377
586,-4.368557791,-2.30065709
587,-4.898830274,-3.30433805
588,-1.439370806,0.113779034
589,-1.520931275,0.49416874
590,-2.636355984,-0.140146438
591,-3.502830934,-1.307036219
592,-3.522806428,-1.53714197
593,-2.133002535,0.520797381
594,-3.905397469,-2.742413885
595,-3.50972777,-1.003014099
596,-1.879827806,-0.666009003
597,-1.722596364,0.181821815
598,-3.199613938,-1.33769928
599,-4.236555938,-3.014621698
600,-2.884008911,-1.346067157
601,-3.550217185,-2.154154836
602,-3.402936733,-2.431078405
603,-3.020821221,-1.69946677
604,-3.496558029,-1.344572337
605,-4.709925511,-3.113699851
606,-3.504101508,-2.12880922
607,-2.997690545,-1.898534816
608,-1.95740809,-0.867490081
609,-3.954887938,-2.852784548
610,-3.369404304,-1.511092951
611,-2.353669129,-1.376218922
612,-2.695259033,-1.804828045
613,-3.195602498,-1.047179971
614,-3.397248991,-2.42054565
615,-2.274296326,-1.043195135
616,-4.567169374,-3.480340939
617,-3.405286748,-0.804381001
618,-4.483768331,-1.450377918
619,-4.572675891,-2.682057032
620,-4.440827817,-2.420780499
621,-4.653684814,-3.68793936
622,-1.923892327,-0.862967947
623,-5.033720668,-2.824232964
624,-1.265726352,0.94198513
625,-5.068336686,-3.460704115
626,-2.489818191,-0.567923556
627,-4.928210154,-3.805240555
628,-3.041851376,-0.875707335
629,-4.556478695,-3.897995618
630,-3.050571333,-2.065345757
631,-4.823389077,-3.702557109
632,-3.979619313,-1.097556248
633,-2.811296627,-0.604678293
634,-3.914222602,0.44947372
635,-4.85164925,-3.965440481
636,-4.951486264,-3.474670309
637,-4.644477282,-3.329071284
638,-4.142688808,-2.568313552
639,-4.666164882,-1.266369001
640,-4.856446008,-3.738789859
641,-4.398264608,-1.201982717
642,-4.693877097,-2.140845251
643,-4.172189969,-2.234564527
644,-4.169643232,-1.857951042
645,-3.927964361,-1.865366374
646,-3.675598065,-1.790736149
647,-2.399108411,-0.739641439
648,-3.082751695,-0.788744557
649,-4.847568622,-3.652421631
650,-0.114053369,0.948743216
651,-3.885642858,-2.628490606
652,-1.401434731,0.533966666
653,-3.440121787,-1.17930077
654,-1.838295244,0.610482149
655,-1.516167868,0.672492509
656,-3.23491865,-1.081838525
657,-3.591612674,-1.358068711
658,-3.769184388,-0.592592758
659,-3.426072501,-1.550309557
660,-4.11090924,-2.118077016
661,-1.698894544,-0.850667449
662,-3.594346832,-0.664086846
663,-4.098262524,-1.807620853
664,-2.519505992,0.165257175
665,-4.016998959,-2.259857812
666,-3.997768117,-1.900103012
667,-4.19762623,-1.990908064
668,-3.835316819,-1.315914158
669,-4.794108489,-2.979928072
670,-4.106177141,-2.477531512
671,-4.905688219,-3.803529937
672,-4.456463974,-3.007943782
673,-4.83580581,-3.870395687
674,-4.003630367,-1.140021428
675,-4.726039746,-3.31430039
676,-3.566932429,-2.243982361
677,-4.411809295,-1.635536217
678,-4.604923014,-2.892576371
679,-4.786387894,-3.800311741
680,-3.025782001,-0.947124705
681,-4.449768837,-3.631274047
682,-4.300028653,-2.428717829
683,-4.268446509,-2.717080771
684,-4.510353612,-3.538430536
685,-4.932319727,-3.713835211
686,-4.042921625,-1.102147697
687,-4.706087648,-3.616875398
688,-4.478373705,-3.174491265
689,-4.482994805,-3.495799224
690,-4.060223477,-1.68794583
691,-4.261812335,-1.611535003
692,-4.667178634,-3.683994971
693,-3.182121552,-0.694717821
694,-3.063635975,-0.616389865
695,-2.268508297,0.041693612
696,-2.100751866,0.647741916
697,-3.950384615,-0.688978468
698,-1.92341839,0.326277468
699,-2.054742824,0.803446782
700,-1.624448554,0.444227939
701,-2.452151299,-0.718536101
702,-2.902098677,-1.592554588
703,-3.938717315,-2.439209865
704,-3.008244039,-0.382048011
705,-3.467060703,-1.38541853
706,-2.737271203,-0.184775725
707,-4.230583079,-2.935943492
708,-3.71142232,-1.587220996
709,-4.784255795,-3.614177829
710,-4.855572389,-4.026444001
711,-3.895189013,-1.210156614
712,-4.406805172,-2.837543778
713,-4.177675058,-3.104683687
714,-4.045244133,-1.91185131
715,-4.006102707,-2.65974651
716,-2.899008887,-1.294796979
717,-4.44753463,-3.693096502
718,-4.019660534,-2.343898871
719,-4.263364815,-1.354004126
720,-2.44527639,-0.861500862
721,-4.005371723,-1.227581061
722,-3.035357058,-1.571823984
723,-1.86577053,0.093432941
724,-2.502501291,-0.791284639
725,-3.76905916,-1.985739374
726,-3.857416201,-1.627537299
727,-4.719705286,-1.554581534
728,-3.047163114,-0.728140555
729,-4.729587863,-3.391338455
730,-4.498084057,-3.170636358
731,-4.81101281,-1.557148917
732,-4.319313902,-2.330726119
733,-5.052729612,-4.219603702
734,-4.270896042,-2.053608212
735,-5.115703099,-2.134338862
736,-4.780325839,-4.010679538
737,-4.284929571,-1.191622686
738,-4.643092167,-3.358936245
739,-4.819325242,-3.572518264
740,-3.477003108,0.039952139
741,-4.493342688,-2.941944533
742,-4.173660143,-1.539050411
743,-3.608798965,-1.02980225
744,-5.36445793,-2.923348175
745,-4.590666647,-1.903529486
746,-4.082437518,-1.196309643
747,-5.287631756,-4.135266733
748,-4.567373518,-2.506114444
749,-5.172907838,-4.041949982
750,-4.498544964,-2.37035749
751,-4.823805947,-3.73617447
752,-4.606791839,-3.511530698
753,-4.704218934,-3.325041724
754,-4.111540089,-1.651547779
755,-4.371603623,-1.475610941
756,-4.248660421,-3.092401932
757,-3.316345854,-1.533746652
758,-3.830799753,-2.453622017
759,-4.035250283,-2.828620096
760,-3.202578229,-1.012425845
761,-3.776075823,-2.304859298
762,-4.585784364,-3.342283203
763,-4.66399015,-3.72853253
764,-4.737898505,-3.548112003
765,-3.817742257,-2.99246621
766,-4.284999998,-2.731013121
767,-2.317356497,-0.799069974
768,-2.935499133,0.285369119
769,-4.718828747,-2.380616802
770,-1.891444718,-0.077403325
771,-3.758525986,-1.74787275
772,-1.92641659,-0.035694809
773,-4.163100434,-2.925710106
774,-1.5293823,0.679554766
775,-4.805622593,-2.648132542
776,-4.295601791,-2.856464043
777,-1.200156157,1.01693537
778,-3.837128058,-1.191689545
779,-3.894508197,-1.804640143
780,-4.343344174,-2.483454468
781,-3.663376784,-2.420009925
782,-2.286192465,-0.943358591
783,-4.456982096,-3.214343191
784,-4.800681068,-3.44522416
785,-3.039482138,-0.864685496
786,-4.492941853,-2.836431408
787,-4.248626995,-3.23816416
788,-3.755138823,-0.840756704
789,-4.950467628,-3.962030752
790,-4.357582801,-3.182776778
791,-4.256827939,-2.81711974
792,-3.399879337,-0.679396667
793,-2.799471596,-1.405214234
794,-3.982396492,-0.605181452
795,-4.202889876,-2.702641111
796,-3.381301072,-2.35270004
797,-3.748576234,-1.634456549
798,-3.809510443,-2.214659395
799,-4.692522327,-3.369328953
800,-1.590327662,0.555023289
801,-4.386986582,-1.898045671
802,-2.828153726,-1.307844707
803,-4.300181523,-2.476297353
804,-5.175308916,-4.186081808
805,-4.065161428,0.176653086
806,-5.05885376,-3.273560665
807,-4.710713836,-1.117427013
808,-4.978068011,-3.746228799
809,-4.60158934,-3.04361899
810,-5.494557269,-4.527353604
811,-5.015228335,-3.603831757
812,-4.221005385,-0.515585625
813,-3.359945801,-1.061147737
814,-4.541811257,-2.632517988
815,-5.227637269,-3.674557667
816,-3.776664234,-1.410072606
817,-5.035112656,-3.969442477
818,-4.995216484,-3.825106987
819,-4.791791642,-3.314739097
820,-4.124957875,-0.656014735
821,-5.15191983,-4.126535057
822,-4.666409602,-3.604006132
823,-4.41819125,-1.178194556
824,-1.163578437,1.008562998
825,-4.838619514,-3.833233937
826,-2.385854437,-0.417824406
827,-1.805146945,1.576171058
828,-3.242158232,-0.612974299
829,-1.7482501,0.324097828
830,-3.058925298,-0.667648108
831,-3.358372072,0.079018984
832,-4.832320286,-3.054472693
833,-4.858436881,-3.613924625
834,-2.088900689,-0.704050092
835,-4.258662583,-1.990019432
836,-2.661725153,0.129207417
837,-1.479840364,1.113412128
838,-4.714431643,-1.776199925
839,-4.466486905,-2.310705197
840,-1.445686045,0.281964443
841,-2.080111821,0.130869055
842,-5.285986742,-4.42826358
843,-1.806159817,-0.473600826
844,-3.215753495,-1.134417722
845,-4.376479226,-1.892713201
846,-2.58331222,-0.749469086
847,-2.587443484,-1.233795284
848,-4.782154811,-1.820018216
849,-2.405480857,-0.829996788
850,-4.840476704,-2.236578951
851,-3.36549868,-1.674589404