V Region,Residue,SASA
1,1,43%
1,2,19%
1,3,0%
1,4,46%
1,5,40%
1,6,21%
1,7,22%
1,8,10%
1,9,8%
1,10,48%
1,11,51%
1,12,36%
1,13,26%
1,14,12%
1,15,10%
1,16,48%
1,17,0%
1,18,40%
1,19,22%
1,20,0%
1,21,47%
1,22,53%
1,23,4%
1,24,53%
1,25,62%
1,26,45%
1,27,94%
1,28,44%
1,29,91%
1,30,49%
1,31,13%
1,32,18%
1,33,7%
1,34,9%
1,35,18%
1,36,2%
1,37,0%
1,38,0%
1,39,3%
1,40,5%
1,41,26%
1,42,2%
1,43,3%
1,44,41%
1,45,0%
1,46,10%
1,47,0%
1,48,4%
1,49,24%
1,50,12%
1,51,7%
1,52,52%
1,53,1%
1,54,76%
1,55,39%
1,56,11%
1,57,60%
1,58,5%
1,59,46%
1,60,0%
1,61,2%
1,62,4%
1,63,0%
1,64,8%
1,65,0%
1,66,0%
1,67,0%
1,68,0%
1,69,5%
1,70,0%
1,71,0%
1,72,1%
1,73,8%
1,74,1%
1,75,1%
1,76,5%
1,77,0%
1,78,5%
1,79,35%
1,80,0%
1,81,31%
1,82,0%
1,83,21%
1,84,0%
1,85,41%
1,86,82%
1,87,32%
1,88,0%
1,89,38%
1,90,53%
1,91,15%
1,92,0%
1,93,7%
1,94,20%
1,95,52%
1,96,3%
1,97,12%
1,98,0%
1,99,0%
1,100,0%
1,101,0%
1,102,7%
1,103,4%
1,104,0%
1,105,25%
1,106,0%
1,107,0%
1,108,0%
1,109,0%
1,110,0%
1,111,0%
1,112,0%
1,113,0%
1,114,0%
1,115,0%
1,116,0%
1,117,4%
1,118,0%
1,119,2%
1,120,0%
1,121,0%
1,122,0%
1,123,0%
1,124,0%
1,125,10%
1,126,3%
1,127,28%
1,128,13%
1,129,31%
1,130,31%
1,131,32%
1,132,33%
1,133,60%
1,134,63%
1,135,12%
1,136,47%
1,137,40%
1,138,0%
1,139,9%
1,140,0%
1,141,0%
1,142,0%
1,143,0%
1,144,0%
1,145,0%
1,146,23%
1,147,33%
1,148,89%
1,149,12%
1,150,29%
1,151,19%
1,152,0%
1,153,62%
1,154,40%
1,155,0%
1,156,69%
1,157,6%
1,158,53%
1,159,0%
1,160,0%
1,161,63%
1,162,10%
1,163,73%
1,164,84%
1,165,3%
1,166,5%
1,167,19%
1,168,6%
1,169,41%
1,170,0%
1,171,40%
1,172,28%
1,173,86%
1,174,52%
1,175,46%
1,176,22%
1,177,3%
1,178,5%
1,179,0%
1,180,0%
1,181,0%
1,182,0%
1,183,0%
1,184,2%
1,185,0%
1,186,53%
1,187,0%
1,188,0%
1,189,0%
1,190,0%
1,191,0%
1,192,0%
1,193,0%
1,194,1%
1,195,0%
1,196,0%
1,197,0%
1,198,25%
1,199,7%
1,200,10%
1,201,34%
1,202,55%
1,203,80%
1,204,1%
1,205,35%
1,206,0%
1,207,0%
1,208,0%
1,209,2%
1,210,12%
1,211,3%
1,212,0%
1,213,22%
1,214,0%
1,215,0%
1,216,0%
1,217,0%
1,218,0%
1,219,0%
1,220,8%
1,221,0%
1,222,20%
1,223,7%
1,224,78%
1,225,49%
1,226,10%
1,227,86%
1,228,19%
1,229,26%
1,230,0%
1,231,31%
1,232,0%
1,233,2%
1,234,0%
1,235,26%
1,236,0%
1,237,12%
1,238,0%
1,239,0%
1,240,0%
1,241,0%
1,242,7%
1,243,1%
1,244,20%
1,245,0%
1,246,0%
1,247,0%
1,248,1%
1,249,0%
1,250,0%
1,251,0%
1,252,0%
1,253,0%
1,254,0%
1,255,4%
1,256,0%
1,257,1%
1,258,11%
1,259,0%
1,260,0%
1,261,0%
1,262,0%
1,263,0%
1,264,0%
1,265,51%
1,266,7%
1,267,35%
1,268,92%
1,269,48%
1,270,8%
1,271,5%
1,272,45%
1,273,3%
1,274,3%
1,275,3%
1,276,0%
1,277,44%
1,278,21%
1,279,0%
1,280,71%
1,281,41%
1,282,9%
1,283,17%
1,284,32%
1,285,12%
2,10,58%
2,11,61%
2,12,10%
2,13,37%
2,14,11%
2,15,64%
2,16,0%
2,17,45%
2,18,8%
2,19,21%
2,20,59%
2,21,8%
2,22,43%
2,23,3%
2,24,43%
2,25,0%
2,26,61%
2,27,10%
2,28,0%
2,29,0%
2,30,40%
2,31,9%
2,32,1%
2,33,14%
2,34,0%
2,35,14%
2,36,66%
2,37,7%
2,38,48%
2,39,2%
2,40,23%
2,41,22%
2,42,4%
2,43,29%
2,44,74%
2,45,67%
2,46,2%
2,47,6%
2,48,36%
2,49,11%
2,50,91%
2,51,29%
2,52,93%
2,53,16%
2,54,28%
2,55,35%
2,56,11%
2,57,47%
2,58,35%
2,59,31%
2,60,0%
2,61,2%
2,62,20%
2,63,4%
2,64,4%
2,65,39%
2,66,1%
2,67,39%
2,68,37%
2,69,4%
2,70,41%
2,71,0%
2,72,28%
2,73,23%
2,74,61%
2,75,1%
2,76,27%
2,77,0%
2,78,0%
2,79,0%
2,80,0%
2,81,0%
2,82,0%
2,83,0%
2,84,0%
2,85,0%
2,86,0%
2,87,3%
2,88,64%
2,89,6%
2,90,36%
2,91,33%
2,92,0%
2,93,0%
2,94,22%
2,95,5%
2,96,0%
2,97,1%
2,98,38%
2,99,4%
2,100,34%
2,101,2%
2,102,0%
2,103,0%
2,104,0%
2,105,0%
2,106,0%
2,107,0%
2,108,0%
2,109,0%
2,110,0%
2,111,12%
2,112,0%
2,113,46%
2,114,21%
2,115,24%
2,116,39%
2,117,29%
2,118,0%
2,119,0%
2,120,0%
2,121,0%
2,122,0%
2,123,0%
2,124,0%
2,125,0%
2,126,0%
2,127,0%
2,128,0%
2,129,0%
2,130,0%
2,131,0%
2,132,0%
2,133,0%
2,134,0%
2,135,2%
2,136,45%
2,137,8%
2,138,23%
2,139,38%
2,140,12%
2,141,1%
2,142,0%
2,143,0%
2,144,0%
2,145,52%
2,146,6%
2,147,0%
2,148,1%
2,149,16%
2,150,0%
2,151,11%
2,152,30%
2,153,1%
2,154,0%
2,155,19%
2,156,0%
2,157,33%
2,158,38%
2,159,29%
2,160,82%
2,161,67%
2,162,43%
2,163,55%
2,164,10%
2,165,0%
2,166,0%
2,167,0%
2,168,1%
2,169,11%
2,170,0%
2,171,0%
2,172,0%
2,173,0%
2,174,0%
2,175,0%
2,176,0%
2,177,0%
2,178,0%
2,179,0%
2,180,0%
2,181,0%
2,182,0%
2,183,0%
2,184,2%
2,185,0%
2,186,2%
2,187,0%
2,188,0%
2,189,0%
2,190,0%
2,191,0%
2,192,0%
2,193,0%
2,194,0%
2,195,0%
2,196,9%
2,197,0%
2,198,0%
2,199,0%
2,200,0%
2,201,0%
2,202,0%
2,203,0%
2,204,0%
2,205,0%
2,206,0%
2,207,0%
2,208,6%
2,209,0%
2,210,0%
2,211,4%
2,212,0%
2,213,0%
2,214,0%
2,215,22%
2,216,0%
2,217,0%
2,218,0%
2,219,0%
2,220,0%
2,221,0%
2,222,0%
2,223,0%
2,224,0%
2,225,0%
2,226,0%
2,227,0%
2,228,26%
2,229,0%
2,230,8%
2,231,8%
2,232,35%
2,233,33%
2,234,49%
2,235,69%
2,236,43%
2,237,40%
2,238,0%
2,239,22%
2,240,0%
2,241,8%
2,242,0%
2,243,0%
2,244,0%
2,245,0%
2,246,0%
2,247,3%
2,248,8%
2,249,0%
2,250,0%
2,251,0%
2,252,0%
2,253,16%
2,254,62%
2,255,37%
2,256,94%
2,257,22%
2,258,10%
2,259,68%
2,260,10%
2,261,50%
3,1,90%
3,2,82%
3,3,91%
3,4,62%
3,5,77%
3,6,62%
3,7,57%
3,8,82%
3,9,15%
3,10,39%
3,11,22%
3,12,40%
3,13,11%
3,14,43%
3,15,23%
3,16,30%
3,17,0%
3,18,39%
3,19,48%
3,20,7%
3,21,0%
3,22,36%
3,23,5%
3,24,3%
3,25,4%
3,26,37%
3,27,83%
3,28,21%
3,29,82%
3,30,5%
3,31,10%
3,32,29%
3,33,29%
3,34,0%
3,35,31%
3,36,0%
3,37,0%
3,38,0%
3,39,13%
3,40,0%
3,41,18%
3,42,1%
3,43,0%
3,44,3%
3,45,23%
3,46,0%
3,47,0%
3,48,15%
3,49,13%
3,50,0%
3,51,0%
3,52,0%
3,53,0%
3,54,0%
3,55,0%
3,56,4%
3,57,0%
3,58,5%
3,59,41%
3,60,77%
3,61,14%
3,62,1%
3,63,10%
3,64,37%
3,65,1%
3,66,9%
3,67,0%
3,68,0%
3,69,0%
3,70,0%
3,71,26%
3,72,0%
3,73,24%
3,74,23%
3,75,12%
3,76,87%
3,77,67%
3,78,69%
3,79,8%
3,80,22%
3,81,13%
3,82,1%
3,83,0%
3,84,0%
3,85,0%
3,86,20%
3,87,0%
3,88,0%
3,89,0%
3,90,0%
3,91,0%
3,92,1%
3,93,0%
3,94,0%
3,95,0%
3,96,0%
3,97,0%
3,98,0%
3,99,0%
3,100,0%
3,101,0%
3,102,0%
3,103,0%
3,104,0%
3,105,0%
3,106,0%
3,107,8%
3,108,4%
3,109,0%
3,110,0%
3,111,0%
3,112,0%
3,113,0%
3,114,0%
3,115,0%
3,116,0%
3,117,0%
3,118,0%
3,119,0%
3,120,0%
3,121,0%
3,122,0%
3,123,7%
3,124,22%
3,125,0%
3,126,34%
3,127,0%
3,128,33%
3,129,0%
3,130,0%
3,131,0%
3,132,0%
3,133,0%
3,134,0%
3,135,19%
3,136,17%
3,137,95%
3,138,38%
3,139,65%
3,140,13%
3,141,0%
3,142,70%
3,143,32%
3,144,17%
3,145,63%
3,146,4%
3,147,0%
3,148,25%
3,149,66%
3,150,11%
3,151,6%
3,152,29%
3,153,2%
3,154,27%
3,155,0%
3,156,30%
3,157,1%
3,158,15%
3,159,49%
3,160,22%
3,161,0%
3,162,0%
3,163,0%
3,164,0%
3,165,0%
3,166,0%
3,167,0%
3,168,0%
3,169,2%
3,170,27%
3,171,20%
3,172,70%
3,173,19%
3,174,29%
3,175,1%
3,176,0%
3,177,29%
3,178,0%
3,179,35%
3,180,30%
3,181,20%
3,182,79%
3,183,52%
3,184,0%
3,185,5%
3,186,0%
3,187,0%
3,188,11%
3,189,0%
3,190,0%
3,191,0%
3,192,0%
3,193,0%
3,194,20%
3,195,34%
3,196,15%
3,197,0%
3,198,41%
3,199,14%
3,200,26%
3,201,89%
3,202,56%
3,203,0%
3,204,2%
3,205,44%
3,206,31%
3,207,0%
3,208,1%
3,209,0%
3,210,0%
3,211,0%
3,212,0%
3,213,0%
3,214,0%
3,215,0%
3,216,0%
3,217,9%
3,218,0%
3,219,0%
3,220,0%
3,221,0%
3,222,34%
3,223,53%
3,224,12%
3,225,13%
3,226,31%
3,227,3%
3,228,31%
3,229,0%
3,230,0%
3,231,45%
3,232,22%
3,233,54%
3,234,27%
3,235,64%
3,236,0%
3,237,40%
3,238,33%
4,1,37%
4,2,51%
4,3,33%
4,4,47%
4,5,1%
4,6,82%
4,7,36%
4,23,53%
4,24,35%
4,25,32%
4,26,4%
4,27,47%
4,28,10%
4,29,21%
4,30,16%
4,31,57%
4,32,26%
4,33,83%
4,34,2%
4,35,40%
4,36,0%
4,37,0%
4,38,10%
4,39,1%
4,40,7%
4,41,22%
4,42,16%
4,43,4%
4,44,49%